S kompletní kolekcí Konverzace na cesty, která obsahuje 22 jazyků, se domluvíte přibližně ve 215 zemích (viz tabulka Uplatnění Konverzace na cesty).	Med den komplette pakke af Rejseparløren, der indeholder 22 sprog, kan du kommunikere i cirka 215 lande (se tabel Anvendelse af Rejseparløren).	Mit der kompletten Sammlung von Reisesprachführer, die 22 Sprachen umfasst, verständigen Sie sich in annähernd 215 Ländern (siehe Tabelle Anwendung des Reisesprachführers).	With the complete collection Traveler’s phrasebook, which contains 22 languages, you will be able to speak in approximately 215 countries (see the table Practice for Traveler’s phrasebook).	Con la colección completa del Diccionario de viaje que contiene 22 lenguas se comunica usted en, más o menos, 215 países (véase la tabla El uso del Diccionario de viaje).	Avec la collection complète de Conversation de voyage, qui inclut 22 langues, vous serez capable de parler dans près de 215 pays à travers le monde (voir tableau d'application de Conversation de voyage).	S kompletnom kolekcijom Priručnika za konverzaciju, koji sadrži 22 jezika sporazumjet ćete se u otprilike 215 zemalja (vidi tablicu Primjena Priručnika za konverzaciju).	Con il set completo Conversazione da Viaggio, che contiene 22 lingue, potete comunicare in circa 215 paesi (vedere la tabella Utilizzo Conversazione da Viaggio).	Az Útiszótár teljes, 22 nyelvet tartalmazó kollekciójával 215 országban (lásd az Utazási társalgások táblázatát) értetheti meg magát.	Met de volledige verzameling van de Conversatiegids, die 22 talen bevat kunt u in ongeveer 215 landen terecht (zie tabel Van toepassing van de Conversatiegids).	Med et komplett sett av Reiseordbok, som omfatter 22 språk, kan du snakke i omtrent 215 land (se tabellen Dekning av Reiseordboks mulig anvendelse).	Kompletna kolekcja Rozmówek turystycznych, która zawiera 22 języki, umożliwi Wam komunikację w przybliżeniu w 215 krajach (patrz tabelka Zastosowanie Rozmówek turystycznych).	Com a coleção completa Conversação para viagens, a qual contem 22 línguas, você será capaz de falar em aproximadamente 215 países (ver a tabela Exercícios práticos para Conversação para viagens).	Matkasanakirjan 22 kieltä sisältävän paketin avulla tulet toimeen noin 215 maassa (ks. taulukko Matkasanakirja käytännössä).	Med komplett kollektion av Resekonversationen, som innehåller 22 språk, kan ni göra är förstådda i 215 länder (se tabellen Nytta med Resekonversationen).	22 dil içeren tam koleksiyon Seyahat konuşma kılavuzu ile, yaklaşık 215 ülkede konuşmanız mümkün olacaktır (Seyahat konuşma kılavuzu için Uygulamalı Egzersizler tablosunu gör).	Με την πλήρη συλλογή των Χρήσιμων ταξιδιωτικών φράσεων, η οποία περιλαμβάνει 22 γλώσσες, θα επικοινωνήσετε σε 215 χώρες (βλέπε πίνακα εφαρμογής των Χρήσιμων ταξιδιωτικών φράσεων).	С пълната колекция Пътнически разговорник, която съдържа 22 езика, ще се разберете приблизително в 215 страни (виж таблицата Приложение на Пътническия разговорник).	С полным комплектом Разговорника для путешествий, содержащим 22 языка, Вы сможете договориться приблизительно в 215 странах (см. таблицу применения Разговорника для путешествий).	בעזרת האוסף השלם של השיחון לתייר אשר מכיל 22 שפות, אתם יכולים לדבר בכ-215 מדינות (ראו טבלה היכן ניתן להשתמש בשיחון לתייר).	تمكنكم المجموعة الكاملة للعبارات المستخدمة في السفر و التي تحتوي على 22 لغة من التكلم تقريباً في 215 دولة (للمزيد من المعلومات يرجى الإطلاععلى جدول استخدام العبارات المتعلقة في السفر).	有全套22种语言的旅行常用会话指南，你可以在约215个国家使用（详见旅行常用会话指南使用表格）	22カ国の言語を収録した旅行会話の完全版で、あなたは大よそ215カ国の人々と話すことができます（旅行会話の実用会話練習テーブルを見てください）。
Každá konverzace na cesty je rozdělena do 31 témat nejčastěji potřebných jak při cestování, tak i v běžném životě (např. pozdravy a představování, počasí, veřejná doprava, stravování, ubytování, banka).		Jeder Sprachführer unterteilt sich in 31 Themen, die am häufigsten benötigt werden sowohl beim Reisen als auch im alltäglichen Leben (z. B. Begrüßung und Vorstellung, Wetter, öffentliche Verkehrsmittel, Verpflegung, Unterkunft, Bank).	Every traveler’s phrasebook is divided into 31 essential themes which are frequently encountered while travelling. The phrasebook enables you to communicate in everyday situations (for example: greetings and introductions, weather, public transportation, dining, accommodation, banking, etc.).	Cada diccionario de viaje está dividida en 31 temas, necesarios tanto al viajar como en la vida común (e.g. saludos y presentaciones, tiempo, transporte público, alimentación, alojamiento, banco).	Chaque Conversation de voyage est divisé en 31 thèmes les plus nécessaire pendant non seulement les voyages mais aussi dans la vie quotidienne (comme les salutations et présentations, Le temps, les transports publics, les repas, l'hébergement, la poste, la banque).	Svaki priručnik za konverzaciju podijeljen je u 31 temu, koje se najčešće koriste tijekom putovanja, ali i uobičajeno (npr. pozdravi i predstavljanje, vremenska prognoza, javni prijevoz, ugostiteljstvo, smještaj, banka).	Ogni conversazione da viaggio è divisa in 31 tematiche, quelle maggiormente in voga sia nel corso di un viaggio che nella vita di tutti i giorni (ad esempio saluti e presentazioni, tempo, trasporti pubblici, cibo, alloggio, banca).	Minden útiszótár az utazáskor és a mindennapi életben leggyakrabban használt 31 témára van osztva (pld. üdvözlés és bemutatkozás, időjárás, tömegközlekedés, étkezés, szállás, bank).	Elke conversatiegids is verdeeld in 31 thema´s die het meest bruikbaar voor het reizen of dagelijks leven zijn (bijv. groeten en zich voorstellen, weer, openbaar vervoer, eten, logeren, bank).	Hver Reiseordbok er organisert i 31 kategorier, temaene man oftest møter under en reise. Derfor er fraseboka meget hjelpeful og egnet til hverdagsbruk (til eksempel hilsener og presentasjon, vær, lokaltrafikk, restaurantbesøk, kost og losji, bankvesen).	Każda rozmówka jest rodzielona na 31 tematów najbardziej przydatnych jak w podróży, tak i w bieżącym życiu. (np. powitania i przestawianie się, pogoda, komunikacja publiczna, wyżywienie, zakwaterowanie, bank).	Toda a Conversação para viagens é dividida em 31 temas os mais frequentemente usados em viajem, portanto é conveniente até para situações do dia-a-dia (por exemplo, cumprimentos e apresentações, o tempo, transportes públicos, refeições, alojamento, no banco).	Jokainen fraasisanakirjan versio on jaettu 31:een matkailun yhteydessä ja myös jokapäiväisessä elämässä tavallisimmin tarvittavia aiheita sisältävään osaan (esim. tervehdykset ja esittelyt, sää, julkinen liikenne, ruokailu, majoitus, toiminta pankissa).	Varje resekonversation är indelad i 31 områden som behövs mest vid resandet, men även i det vanliga livet (som hälsningsfraser, väder, kommunal transport, mat, boende, bank).	Her Seyahat konuşması, seyahatlerde en çok gerekli 31 temaya ayrılmıştır, bu yüzden, normal günlük yaşamda bile yararlıdır (örneğin, selamlama ve tanıtımlar, hava durumu, ulaşım, yemek, konaklama, bankacılık).	Οι κάθε Χρήσιμες ταξιδιωτικές φράσεις χωρίζονται σε 31 θέματα ανάλογα με τις ανάγκες τους ταξιδιού ή της καθημερινής ζωής (π.χ. ο χαιρετισμός και οι συστάσεις, ο καιρός, τα μέσα μαζικής μεταφοράς, τα γεύματα, η διαμονή, οι τράπεζες).	Всеки разговорник за определен език е разделен на 31 теми, най-често необходими както при пътуване, така и във всекидневния живот (като поздрави и представяне, времето, обществен транспорт, хранене, настаняване, банка).	Отдельные разговорные фразы в некоторых языках могут друг от друга отличаются, потому что учитываются особенности конкретных стран (географические, гастрономические, культурные и другие). В связи с чем, составляя данный Разговорник, мы учли все эти особенности. Каждый Разговорник для путешествий включает в себя 31 тему, наиболее необходимые как при самом путешествии, так и при прибывании в той или иной стране (например, приветствия и представления, погода, общественный транспорт, питание, проживание, банки).	כל שיחון לתייר מחולק ל-31 נושאים המשמשים לרוב במהלך נסיעה, וכן בחיי היומיום (למשל: ברכות ונימוסים, מזג האוויר, תחבורה ציבורית, אוכל, לינה, בנק).	االعبارت المستخدمة في السفر لكل لغة مقسمة إلى 31 موضوع هذه المواضيع نحتاجها بكثرة في السفر و في حياتنا اليومية (مثال : التحيات و التعارف، الطقس، المواصلات العامة، الطعام، السكن،التعامل مع المصرف).	每个旅行常用会话指南都分为31个主题，这些主题都是在旅行中经常遇到的。因此，会话指南在日常生活中也很有用（例如，问候、介绍、天气、公共交通、餐饮、住宿、银行）。	各旅行会話は旅先で一番必要とされる３１種のテーマで構成されていますので、役立つこと間違いなし、さらには日常の会話でも活用できます。（例えば、挨拶や紹介、お天気、交通手段、食事の際、宿泊、銀行等）
Po zakoupení jednotlivých jazyků, nebo cenově výhodnější celé kolekce, jsou fráze připravené ke stažení do vašeho zařízení. Pak už nemusíte být ani online – fráze máte kdykoliv k dispozici.	Efter du har købt de enkelte sprog eller hele den favorable samlede pakke, er sætningerne klare til at blive hentet til dit apparat. Derefter behøver du ikke at være online – sætningerne har du altid til rådighed.	Nach dem Kauf einzelner Sprachen oder der preislich vorteilhafteren ganzen Kollektion stehen die Phrasen zum Download für Ihre Geräte zur Verfügung. Danach müssen Sie nicht mehr online sein – die Phrasen haben Sie jederzeit zur Verfügung.	When you purchase one language from our downloadable language phrasebook, or, at a reduced price, the whole collection of languages, the phrases are then ready to be downloaded to your device. You don’t have to be online to access the language or languages – you have these phrases at your disposal anytime day or night.	Después de comprar las lenguas particulares por separado o las colecciones enteras, cuyo precio es más ventajoso, las frases van a estar preparadas para ser descargarlas a su dispositivo. Luego no hay porqué estar online- las frases estarán siempre a su disposición.	Après avoir acheté une langue particulière, ou toute la collection à un prix avantageux, vous aurez les phrases à votre disposition prêtes à être télécharger sur votre appareil. Ensuite, il n´est même plus necessaire d´être en ligne – toutes les phrases sont à votre disposition.	Nakon kupovine pojedinih jezika ili po povoljnijoj cijeni za cijelu kolekciju, fraze će biti spremne za preuzimanje u vaš uređaj. Nakon toga ne morate biti online – fraze bilo kada imate na raspolaganju.	Dopo l’aggiunta delle singole lingue, o di tutto il set a un prezzo più conveniente, potrete scaricare facilmente le diverse espressioni nel vostro impianto.. Poi non sarà neanche più necessario andare online, avrete a disposizione le espressioni in qualsiasi momento lo desideriate.	A nyelvek egyenkénti, vagy a komplett kollekció kedvezőbb áron való megvásárlása után a mondatok bármikor letölthetők az ön készülékébe.	Na aankoop van afzonderlijke talen of de voordelige hele verzameling, liggen de zinnen klaar voor u om ze naar uw apparaat te downloaden. Daarna hoeft u niet meer on-line te zijn de zinnen zijn ter u beschikking wanneer u wilt.	Etter at du har kjøpt enten de enkelte språk, eller de mer prisvennlige komplette kolleksjoner, er uttrykkene klare til å lastes ned inn i din innretning. Så behover du ikke mer å være on-line for å få språket eller språkene du akkurat behøver – du har de riktige uttrykkene og frasene og kan disponere med dem når som helst, etter ditt behov.	Po zakupie poszczególnych języków lub cenowo bardziej przystępnych całych kompletów, znajdziesz frazy przygotowane do pobrania na swoje urządzenie. Nie musicie być online - frazy są w każdej chwili do Waszej dyspozycji.	Depois de comprar a sua língua em particular, ou a coleção financeiramente mais vantajosa, as locuções estão preparadas para ser baixadas para o seu dispositivo. Não precisa estar on-line – tem estas locuções à sua disposição em qualquer momento.	Ostettuasi yksittäisiä kieliversioita tai edullisemmaksi tulevan koko paketin voit ladata fraasit laitteeseesi. Tämän jälkeen sinun ei edes tarvitse käyttää online-toimintoa – sanat ja sanonnat ovat käytettävissäsi jatkuvasti.	Efter att du har köpt olika språk, eller allra prisvärdast hela samlingen, är fraserna klara att hämtas till din utrustning. Sedan behöver du inte ens vara online - du har fraserna alltid till hands	Belirli bir dil veya ekonomik açıdan daha avantajlı tüm koleksiyonu satın aldıktan sonra, cümleler cihazınıza indirmek için hazırdır. Online olmak zorunda değilsiniz - bu cümlelere istediğiniz zaman kullanımınızda sahipsiniz.	Μετά την αγορά των διαφόρων γλωσσών, ή της φτηνότερης συλλογής, οι φράσεις είναι έτοιμες για το κατέβασμα στη συσκευή σας. Στη συνέχεια δε χρειάζεται να είστε απευθείας συνδεδεμένη – έχετε τις φράσεις οποιαδήποτε στιγμή στη διάθεσή σας.	След закупуване на различните езици или ценово по-изгодно на цялата колекция, фразите са подготвени за изтегляне към вашето устройство. Тогава дори не е необходимо да бъдете онлайн – винаги фразите са на ваше разположение.	После покупки отдельных языков или целого комплекта по более выгодной цене, фразы подготовлены для скачивания на ваше устройство, тем самым избавив себя от необходимости прибывать постоянно онлайн - ведь все фразы всегда в Вашем распоряжении.	לאחר רכישת שפה אחת, או אוסף חסכוני של שפות, יהיו הביטויים כבר מוכנים להורדה למכשיר שלך. לאחר ההורדה אינכם חייבים להיות מחוברים לאינטרנט - הביטויים כבר עומדים לרשותכם בכל עת.	بعد شراء كل لغة على حدا، أو المجموعة الكاملة الأنسب سعراً، ستكون العبارات جاهزة للتحميل على جهازكم. بعد ذلك ليس من الضروري أن أن تكونوا على إتصال بالإنترنيت - العبارات متاحة لكم في أي وقت من الأوقات.	在你购买一种语言，或价格更优惠的套餐后，就可以下载短语到您的设备上。你可以在离线状态访问储存在你设备中已经下载的语言短语。	お選びいただいた言語をご購入になるか、お買い得な完全版をご購入になれば、フレーズをダウンロードできます。常にインターネットにつなげる必要はありませんーあなたはいつでも自由にこのフレーズをご利用できます。
Jednotlivé konverzace na cesty se od sebe někdy liší, protože zohledňují zvláštnosti dané země (geografické, gastronomické, kulturní, atd.)	De enkelte rejseparlører kan være lidt forskellige fra hinanden, på grund af særlige kendetegn ved det omtalte land (geografiske, gastronomiske, kulturelle osv.).	Die einzelnen Sprachführer unterscheiden sich mitunter voneinander, da sie Besonderheiten der einzelnen Länder (geographische, gastronomische, kulturelle etc.) berücksichtigen.	The specifics of the traveler’s phrasebook sometimes differ from one language to another, due to the unique characteristics of each country where the language is spoken (geography, gastronomy, culture, etc.).	Los diccionarios de viaje componentes difieren entre sí a veces, porque tienen en cuenta las particularidades de cada país (geográficas, gastronómicas, culturales, etc.).	Conversation de voyage particulières de langue se diffèrent parfois les unes des autres, car elles prennent en compte les particularités concrètes de chaque pays donné (géographiques, culinaires, culturelles, ETA.).	Pojedine fraze se ponekad razlikuju, jer uzimaju u obzir obilježja pripadajuće zemlje (geografska, gastronomska, kulturna, itd.).	Le singole conversazioni da viaggio qualche volta risultano diverse le une dalle altre perché prendono in considerazione le particolarità dei relativi paesi (dal punto di vista geografico, gastronomico, culturale, ecc.).	Ön rendelkezésére állnak Az egyes útiszótárak néha eltérnek egymástól, mivel figyelembe veszik az adott ország sajátosságait (földrajzi, gasztronómiai, kulturális stb.).	De afzonderlijke conversatiegids kunnen van elkaar verschillen afhankelijk van de eigenaardigheden van bepaald land (geografische, gastronomische, culturele, enz.).	Spesiell bruk av enkelte uttrykk i forskjellige språk varierer, etter spesifiske egenskaper av hvert land hvor språket brukes (til eksempel etter geografiske, gastronomiske og kulturelle preg av forskjellige land).	Pojedyńcze rozmówki czasami się od siebie różnią, ponieważ odzwierciedlają cechy charakterystyczne dla danego kraju (geograficzne, gastronimiczne, kulturowe itd.).	As particularidades da Conversação para viagens diferem por vezes de uma língua para outra devido às especificações de cada país onde a mesma é falada (geografia, gastronomia, cultura, etc).	Eri kieliversiot voivat joissakin tapauksissa hieman poiketa toisistaan, sillä niissä on otettu huomioon eri maiden erityispiirteet (maantieteelliset, gastronomiset, kulttuuriset jne.).	De enskilda resekonversationen skiljer sig ibland från varandra eftersom de tar upp ländernas olikheter (geografiska, gastronomiska, kulturella osv.).	Seyahat konuşmalarının incelikleri, bazen, konuşulan her ülkenin spesifik özellikleri nedeniyle (coğrafya, gastronomi, kültür, vb.), bir dilden diğerine farklılık gösterir.	Οι χρήσιμες ταξιδιωτικές φράσεις διαφέρουν από χώρα σε χώρα, διότι υπάρχουν διαφορές (γεωγραφικές, γαστρονομικές, πολιτιστικές κ.α.s	Различните теми за разговор понякога се различават една от друга, защото са взети под внимание особеностите на определена страна (географски, кулинарни, културни и т. н.).	Отдельные разговорные фразы в некоторых языках могут друг от друга отличаются, потому что учитываются особенности конкретных стран (географические, гастрономические, культурные и другие).	לעיתים יהיו השיחונים לתייר שונים זה מזה, מפאת ההתחשבות בשוני בין המדינות (גיאוגרפיה, גסטרונומיה, תרבות וכו').	أحياناً تكون العبارات المستخدمة في السفر لكل لغة مختلفة عن بعضها البعض و ذلك حسب خصائص البلد المحدد (الجغرافية ، طريقة الطهي، الثقافية، الخ....).	每一本旅行常用会话指南的内容各有不同，因为说不同语言的国家也会有不同的特色（地理，美食，文化等）。	旅行会話の内容はそれぞれの言語が使われる国の特徴によって異なる内容をが含まれています。（地理、固有の料理法、文化、等）
Jednotlivá témata obsahují věty (fráze nebo slovíčka), které připravili rodilí mluvčí. Rozsah témat pokrývá nejběžnější situace, které vás na cestách mohou potkat. Tyto věty si můžete nejen přečíst, ale hlavně poslechnout, takže nácvik výslovnosti bude hračka. Pokud si ale přece jen netroufnete mluvit, stačí přehrát větu nahlas a aplikace bude „mluvit“ za vás.	De enkelte temaer indeholder sætninger (sætninger eller ord), der er udarbejdet af indfødte. Spektrummet af temaer dækker de mest almindelige situationer, som du kan støde på under dine rejser. Disse sætninger kan du ikke kun læse, men også lytte til, så det bliver nemt at lære udtalen. Hvis du alligevel ikke tør at tale, kan du afspille sætning og applikationen vil 'tale' for dig.	Die einzelnen Themen umfassen Sätze (Phrasen oder Wörter), die von Muttersprachlern verfasst wurden. Die Breite der Themen deckt die gängigsten Situationen, die Ihnen auf Ihrer Reise begegnen können, ab. Diese Sätze können Sie nicht nur lesen, sondern vor allem auch anhören, sodass das Einüben der Aussprache kinderleicht wird. Wenn Sie sich doch nicht trauen in der fremden Sprache zu sprechen, reicht es, den entsprechenden Satz laut vorzuspielen und die App „spricht“ für Sie.	Each theme includes sentences (phrases or words), which are prepared by native speakers. The wide range of themes covers typical situations which you may encounter while travelling. We advise you to not only read, but also listen to these sentences, so that your pronunciation comes naturally. Alternatively, you don´t have to struggle with speaking; instead, you can play a sentence out loud and the application will ‘speak‘ for you.	Los temas particulares contienen oraciones (frases o vocablos) que han preparado los nativos. La amplitud de los temas incluídos abarca las situaciones más comunes que le pueden pasar al viajar. Estas oraciones las puede usted no sólo leer sino, sobre todo, escuchar. Así que le será muy fácil aprender a pronunciar bien. A menos que no se atreva a hablar bastará con reproducir la oración en voz alta y la aplicación “hablará” por usted.	Chaque thème comprend des phrases (des phrases ou des mots), préparées par des locuteurs natifs. Leur portée couvre les situations les plus courantes que vous pouvez rencontrer lors de vos voyages. Ces phrases, non seulement vous pouver les lire, mais surtout les écouter, de sorte que la prononciation ne sera pour vous qu´un simple jeu. Mais si vous n´osez pas encore parler, il vous suffit tout simplement de faire jouer la phrase à haute voix et l'application «parlera» à votre place.	Pojedine teme sadrže rečenice (fraze ili riječi) koje su pripremili govorni izvornici. Opseg tema sadrži najuobičajenije situacije s kojima se tijekom putovanja možete susresti. Iste rečenice može pročitati, ali uglavnom ih poslušati, tako da će vježbanje izražavanja biti zabavno. Naime, ukoliko se unatoč tome ne usuđujete govoriti, možete pustiti rečenicu izgovoriti na glas, tako da će aplikacija „govoriti“ umjesto vas.	Ogni tematica contiene frasi (espressioni oppure singole parole) preparate dai madre lingua dei rispettivi paesi. Il contenuto delle tematiche riguarda le situazioni più frequenti che potete incontrare nel corso di un viaggio. Non solo potete leggere queste frasi, ma soprattutto ascoltarle! In questo modo esercitare la pronuncia sarà come un gioco. Se però non vi azzardate proprio a parlare, basta registrare una frase ad alta voce e l’applicazione “parlerà” al posto vostro.	Az egyes témák mondatokat (kifejezéseket vagy szavakat) tartalmaznak, melyeket anyanyelvi beszélők készítettek el. A témák tartalma kiterjed a leggyakoriabb helyzetekre, amelyek önre utazásai során várhatnak. A mondatokat nem csak elolvashatják, de meg is hallgathatják, így a kiejtés begyakorlása gyerekjáték lesz. Ha mégsem mer majd beszélni, akkor sincs semmi baj, elég, ha a mondatot hangosan lejátssza, és az alkalmazás ön helyett fog „beszélni”.	De afzonderlijke thema´s houden zinnen (uitdrukkingen of woorden) in zoals samengesteld door moedertaalsprekers. De omvang vaan de thema´s dekt de meest gewone situatie´s waarin u zich tijdens de reis kan bevinden. Deze zinnen kunt u niet alleen lezen maar vooral beluisteren zodat het oefenen van de uitspraak een kinderspel wordt voor u. Indien u toch niet durft te spreken, kunt u de zin luid op laten horen en de applicatie „spreekt“ i.p.v. uzelf.	Tematiske gruppene i hvert språk utgjøres av settninger (fraser eller ord), som ble valgt av personer snakkende språket som deres morsmål. Temaene gjelder typiske situasjoner du kan møtes under reisen. Du kan ikke bare lese, men også lyde til settningene, og dermed øve uttalen din. Dersom du ikke har lyst til å snakke selv – kan du ha spillet settningene på høyttaleren, og applikasjonen “snakker“ for deg.	Pojedyńcze tematy zawierają zdania (frazy lub słówka), które przygotowali rodzimi użytkownicy języka. Zakres tematów przedstawia najczęstsze sytuacje, z którymi możecie się spotkać w podróży. Te zdania możecie nie tylko przeczytać, ale przede wszystkim ich posłuchać, a jednoczesne ćwiczenie artykulacji stanie się dla Was zabawą. Jeśli jednak nie odważycie się mówić, wystarczy odtworzyć zdania na głos i aplikacja będzie mówiła za Was.	Os temas individuais contêm frases (locuções ou palavras), as quais são preparadas por falantes da língua materna. O alcance dos temas cobre as situações mais convencionais que poderá encontrar no seu caminho. Se você quizer não apenas ler, mas principalmente ouvir estas frases, portanto treinar a sua pronúncia torna-se bastante simples. Desta forma você não tem de se esforçar para falar, é suficiente tocar uma locução alto de bom som e a aplicação ‘falará‘ por si.	Jokainen osa sisältää kieltä äidinkielenään puhuvien henkilöiden valmistelemia lauseita (sanontoja ja sanoja). Aiheet kattavat kaikki tavallisimmat tilanteet, joita voit matkoillasi kohdata. Lauseiden lukemisen lisäksi voit myös kuunnella ne, joten ääntämisen opettelu on helppoa. Jos et kuitenkaan rohkene itse puhua vierasta kieltä, voit „soittaa“ lauseen ääneen, jolloin laite „puhuu“ puolestasi.	De enskilda områden innehåller meningar (fraser eller ord) som har blivit förberedda av personer som har landets språk som sitt modersmål. Områdena beskriver de vanligaste situationer som kan inträffa vid resor. Du kan både läsa dessa meningar, men även lyssna på dem, så det blir lätt att lära sig uttalet. Om du ändå inte vågar prata, går det att spela meningen högt och applikationen kommer att "prata" för er.	Tek temalar, anadili olan kişiler tarafından hazırlanan cümleleri (sözcük grubu veya kelimeler) içerir. Temalar dizisi yolunuzda karşılaşabileceğiniz en normal durumları kapsar. Sadece okumak istemiyorsunuz, ama esasında bu cümleleri dinlemek istiyorsunuz, bu yüzden telaffuzunuzun egitimi çok kolay hale gelir. Bu nedenle, konuşmak için zahmet vermenize gerek yok, bir cümleyi yüksek sesle çalmak yeterli ve uygulama sizin için 'konuşacaktır'.	Τα θέματα περιλαμβάνουν φράσεις (προτάσεις ή λέξεις), τις οποίες προετοίμασαν άτομα με μητρική γλώσσα. Τα περιεχόμενα των θεμάτων καλύπτουν τις συνηθέστερες περιπτώσεις που μπορεί να συναντήσετε στο δρόμο. Τις προτάσεις έχετε τη δυνατότητα όχι μόνο να τις διαβάσετε αλλά και να τις ακούσετε, η προφορά θα είναι για σας ένα παιχνίδι. Αν δεν είστε έτοιμοι να μιλήσετε η εφαρμογή θα „μιλήσει“ για σας.	Различните теми включват изречения (фрази или думи), които са подготвени от преводачи за които езикът е роден. Съдържанието на темите обхваща най-обикновени ситуации, които можете да срещнете при пътуване. Тези изречения можете не само да четете, но най-вече да слушате и изучаването на произношението ще бъде много лесно. Ако все още не се осмелявате да говорите, достатъчно е да пуснете записа на глас и приложението ще „говори” заради вас.	Все предложения, фразы и слова каждой темы подготовлены носителями языка и их диапазон охватывает самые распространённые ситуации, с которыми Вы можете столкнуться в путешествии. Нужные предложения возможно не только прочитать, но и прослушать, что позволит максимально приближенно произнести слова или фразу без особого труда. Если же Вы не отважитесь заговорить, то наше приложение, загруженное в Ваше устройство, скажет за Вас.	כל נושא כולל משפטים (ביטויים או מילים), אשר חוברו על ידי דוברי שפת המקור. מגוון הנושאים מכסה את המצבים הנפוצים ביותר שבהם אתם עלולים להיתקל בעת נסיעה. אתם יכולים לא רק לקרוא, אלא גם להקשיב למשפטים אלה – כך לימוד ההגייה יהיה קל מאוד. אינכם צריכים להיאבק כדי לדבר – מספיק להשמיע את המשפט בקול רם והיישום "ידבר" עבורכם.	كل موضوع يحتوي على جمل ( مصطلحات أو كلمات) قام بإعدادهم مجموعة من الأشخاص الذين يتقنون اللغة وهم من أهل البلد الأجنبي. هذه الموضوعات تشتمل على الحالات الشائعة التي يمكن أن تواجهك أثناء سفرك. تستطيع قراءة الجمل بالإضافة إلى سماعها لذلك سيصبح التدريب على النطق أمراً سهلاً للغاية. و رغم ذلك إذا لم تكن عندك الجرأة على التكلم يكفي فقط تشغيل الجملة بصوت عالي و التطبيق سيتكلم عنك.	每个主题包括由母语使用者准备的句子（短语或词汇）。主题范围涵盖你在旅行时可能遇到的最平常、典型的情形。你不仅要可以阅读，而且还可以听这些句子，以便训练你正确的发音。你也不必挣扎的说某种语言，你可以大声播放一个句子，应用程序会替你“说话”。	それぞれのテーマはネイティブスピーカーによって用意された文章（フレーズや単語）で構成されています。このテーマには恐らくあなたが旅の道のりで出会うであろう、最も一般的な場面場面が収録されています。単に読むのではなく、聞くことに学習の重点を置き、より簡単に発音の練習ができます。ですから、無理に話そうと苦しむのはやめて、大きい音量で再生するだけで十分です、アプリケーションがあなたの為に‘話’してくれます。
Aplikace obsahuje	Rejseparlør indeholder	Reisesprachführer umfasst	Traveler’s phrasebook contains	Guías contiene	De Conversation de voyage comprend	Priručnik za konverzaciju sadrži	Conversazione da viaggio contiene	Útiszótár tartalmaz	Elke conversatiegids houdt het	Reiseordbok inneholder	Rozmówki turystyczne zawierają	Conversação para viagens contem	Fraasisanakirja sisältää	Resekonversation innehåller	Uygulama içerir	η εφαρμογή περιέχει	пътнически разговорник включва	разговорник содержит	שיחון לתייר מכיל	العبارات المستخدمة في السفر تحتوي على	旅行常用会话指南包含	アプリは含まれてい
30 minut nahrávek	30 minutters optagelse	30 Minuten Audioaufnahmen	30 minutes of audio recordings	30 minutos de las pistas de audio	30 minutes d'enregistrement audio	30 minuta reprodukcije	30 minuti di registrazioni	30 percnyi hangfelvételt	30 minuut van opnamen	30-minutters audio sammendrag	30 minut nagrań	30 minutos de gravações áudio	30 minuuttia äänitteitä	30 minuter av inspelningar	30 dakikalık ses kaydı	30 λεπτά ηχογραφήσεων	30 минути звукозапис	30 минут записи	- 30 דקות הקלטה	30 دقيقة تسجيل	30分钟的录音	30 分の音声録音
600 vět (podle jazykové sady)	600 sætninger (afhænger af det konkrete sprog)	600 Sätze (abhängig vom konkreten Sprachpaket)	600 sentences (congruent with a specific language series)	600 oraciones (congruente con una serie específica de la lengua)	600 phrases (congruente avec une série spécifique du langage)	600 rečenica (ovisi o konkretnom jezičnom paketu)	600 frasi (dipende dal concreto assortimento di ogni singola lingua)	600 mondatot (a konkrét nyelvkészlettől függően)	600 zinnen (afhankelijk van de concrete taalset)	600 settninger (det spørs på hvilket språkseriet det gjeldes)	600 zdań (zależy od konkretnego językowego zestawu)	600 frases (congruente com uma série linguística)	600 lausetta (riippuu kieliversiosta)	600 meningar (beror på det konkreta språket)	600 cümle (belirli bir dil serisi ile uyumlu)	600 προτάσεις (εξαρτάται από τη συγκεκριμένη γλώσσα)	600 фрази (зависи от конкретната езикова група)	600 предложений (в зависимости от языковой особенности)	- 600 משפטים (תלוי באוסף הספציפי לכל שפה)	600 جملة ( ذلك حسب اللغة المعنية )	600个句子（特定语言的系列不尽相同）	600 文章 (それぞれの言語シリーズに合った)
770 unikátních slov (slovní zásoba)	770 unikke ord (ordforråd)	770 Wörter (Wortschatz)	770 unique words (verbal stock)	770 palabras únicas (vocabulario)	770 mots uniques (le vocabulaire)	770 jedinstvenih riječi (fond riječi)	770 singoli vocaboli (lessico)	770 egyedi szót (szókincs)	770 unieke woorden (woordenschat)	770 individuelle uttrykk (ordforråd)	770 unikatowych słów (leksyka)	770 palavras únicas (inventário verbal)	770 yksittäistä sanaa (sanavarasto)	770 unika ord (ordförråd)	770 özgün kelime (sözlü stok)	770 μοναδικές λέξεις (λεξιλόγιο)	770 уникални думи (речник)	770 наиболее распространённых слов (словарный запас)	- 770 מילים ייחודיות (אוצר מילים)	770 مفردة وظيفية	770个特色单词（词汇储备）	770 ユニークワード(話し言葉)
Přehled témat	Emner	Themen	Topics	Temas	Les sujets	Teme	Temi	Témák	Topics	Emner	Tematy	Tópicos	Aiheista	Ämnen	Konular	Θέματα	теми	темы	נושאים	المواضيع	主題	トピック
Všeobecné výrazy	Almindelige udtryker	Allgemeine ausdrücke	General expressions	Expresiones generales	Expressions générales	Opći izrazi	Espressioni generali	Általános kifejezések	Algemene uitdrukkingen	Alminnelige uttrykk	Wyrazy ogólne	Termos gerais	Yleisiä ilmauksia	Allmänna uttryck	Genel terimler	Γενικεσ εκφρασεισ	Общи изрази	Общие выражения	ביטוים כלליים	عبارات عامة	日常用语	一般的な表現
Pozdravy a představování	Hilsner og præsentation	Begrüssung und vorstellung	Greetings and introductions	Saludos y presentación	Salutations et présentations	Pozdravi i predstavljanje	Saluti e presentazioni	Köszönés és bemutatkozás	Begroetingen en kennismaking	Hilsener og presentasjonsformer	Pozdrowienia i formy przedstawiania się	Saudações e apresentações	Tervehdykset ja esittely	Hälsningar och presentation	Selamlamalar ve taniştirmalar	Χαιρετiσματα kai kaλωσορισμα	Поздрави и представяне	Приветствия и поздравления	ברכות והיכרות	التعارف - التحيات و التقديم	打招呼、介绍	挨拶•紹介
Otázky a všeobecné dotazy	Spørgesmål og almen spørgesmål	Fragen und allgemeine anfragen	Questions and general expressions	Preguntas de la vida cotidiana	Questions	Pitanja i opći upiti	Domande e richieste generali	Kérdőszók és általános kérdések	Vragen en algemene informatie	Spørreord og alminnelige spørsmål	Ogólne pytania	Interrogações e perguntas gerais	Kysymyksiä ja yleisiä ilmauksia	Frågor och allmänna förfrågningar	Sorular, genel sorular	Ερωτησeισ και γενικα ρωτηματα	Въпроси и питания на общи теми	Вопросы и общие вопросы	שאלות ובקשות כלליות	أسئلة عامة	问题和日常用语	一般的な質問
Slova opačná	Modsætnings ord	Antonyme	Opposites	Antónimos	Antonymes	Riječi suprotnog značenja	Contrari	Ellentétes értelmű szavak	Tegengestelde woorden	Antonyme ord	Аntonimy	Palavras opostas	Vastakohtasanoja	Motsatsord	Zit kelimeler	Λεξeισ αντιθετεσ	Антоними	Слова с противоположным значением	ניגודים	عكوس الكلمات	反义词	反対の意味の言葉
Hotel, ubytování	Hotel, indkvartering	Hotel, unterkunft	Hotel, accommodation	Hotel, alojamiento	Hôtel, hébergement	Hotel, smještaj	Albergo, alloggio	Szálloda, elszállásolás	Hotel, accommodatie	Hotell, innkvartering	Hotel, zakwaterowanie	Hotel, alojamento	Hotelli, majoitus	Hotell, inkvartering	Otel, yerleşme	Ξενοδοχειο, καταλυμα	Хотел, настаняване	Гостиница, размещение	מקום לינה , מלון	الفندق، السكن	旅馆、住处	ホテル•宿泊
Restaurace	Restaurant	Restaurant	Restaurant	Restaurante	Restaurant	Restoran	Ristorante	Étterem	Restaurant	Restaurant	Restauracja	Restaurante	Ravintola	Restaurang	Lokanta	Εστιατοριo	Ресторант	Ресторан	מסעדה	المطعم	饭馆	レストラン
Snídaně	Morgenmad	Frühstück	Breakfast	Desayunos	Petit déjeuner	Doručak	Prima colazione	Reggeli	Het ontbijt	Frokost	Śniadanie	Pequeno almoço	Aamiainen	Frukost	Kahvalti	Πρωϊνα	Закуска	Завтрак	ארוחת בוקר	فطور الصباح	早饭	朝食
Předkrmy	Forretter	Vorspeisen	Starters	Entradas	Entrées	Predjela	Antipasti	Előételek	Voorgerechten	Forretter	Przekąski	Entradas	Eturuoat	Förrätter	Ön yemekler	Μεζεδεσ	Предястия	Закуски	מתאבנים	المقبلات	开胃菜	前菜
Polévky	Supper	Suppen	Soups	Sopas	Soupes	Juhe	Minestre, brodi	Levesek	Soepen	Supper	Zupy	Sopas	Keitot	Soppor	Çorbalar	Σουπεσ	Супи	Супы	מרקים	حساء	汤	スープ
Maso	Kød	Fleisch	Meat	Carnes	Viande	Meso	Carne	Hús	Het vlees	Kjøtt	Mięso	Carne	Liha	Kött	Et	Κρεασ	Месо	Мясо	בשר	لحم	肉	肉
Ryby a plody moře	Peixe e frutos do mar	Fisch und meeresfrüchte	Fish and seafood	Pescados y mariscos	Poissons et fruits de mer	Ribe i plodovi mora	Pesce e frutti di mare	Halak és tenger gyümölcsei	Vis en zeevruchten	Fisk og sjømat	Ryby i owoce morza	Peixe e mariscos	Kalaa ja meriäyriäiset	Fisk och skaldjur	Baliklar ve deniz ürünleri	Ψαρια και θαλασσινα	Риби и морски плодове	Рыба и плоды моря	דגים ופירות ים	أسماك و أطعمة بحرية	鱼、海鲜	海鮮料理
Přílohy	Tillæg	Beilagen	Side dishes	Guarnición	Garnitures	Prilozi	Contorni	Köretek	Bijgerechten	Tilbehør	Dodatki	Acompanhamentos	Lisäkkeet	Tillbehör	Yemeğin yanindakiler	Γαρνιτουρeσ	Гарнитури	Гарнир	תוספות	أطباق جانبية	配菜	付け合せ
Zelenina a saláty	Grønsager og salater	Gemüse und salate	Vegetables and salads	Verduras y ensaladas	Légumes et salades	Povrće i salate	Verdura ed insalate	Zöldség és saláta	De groente en de salades	Grønnsaker og salater	Jarzyny/ sałatki	Legumes e saladas	Vihanneksia ja salaatteja	Grönsaker och sallader	Sebze ve salatalar	Λαχανικα και σαλατεσ	Зеленчуци и салати	Овощи и салаты	ירקות וסלטים	خضر و السلطات	蔬菜、沙拉	野菜・サラダ
Ovoce a zákusky	Frugt og desert	Obst und nachspeisen	Fruit and desserts	Frutas y postres	Fruits et desserts	Voće i kolači	Frutta e dolci	Gyümölcs és sütemény	Het fruit en de gebakjes	Frukt og desserter	Owoce i ciastka	Frutas e doces	Hedelmiä ja jälkiruokia	Frukt och desserter	Meyveler ve tatlilar	Φρουτα και γλυκα	Плодове и десерти	Фрукты и пирожные	פירות וקינוחים	فواكه و حلويات	水果、点心	果物・デザート
Nápoje	Drikkevare	Getränke	Beverages	Bebidas	Boissons	Pića	Bevande	Italok	Dranken	Drikkevarer	Napoje	Bebidas	Juomat	Drycker	İçecekler	Ποτα	Напитки	Напитки	משקאות	مشروبات	饮料	飲み物
Stížnosti	Klager	Beschwerden	Complaints	Quejas	Réclamations	Žalbe	Reclami	Panasz	Klachten	Klager	Skargi	Reclamações	Valituksia	Klagomål	Şikayetler	Παραπονα	Оплаквания	Жалобы	תלונות	شكاوي	抱怨	苦情
Cestování vlakem	Rejse med tog	Mit dem zug reisen	Travelling by train	Viaje en tren	Voyage (r) par (le) train	Putovanje vlakom	Viaggiare in treno	Utazás vonattal	Reizen per trein	Togreise	Podróż pociągiem	Viajando de comboio	Junalla matkustaminen	Resa med tåg	Tren yolculuğu	Ταξιδι σιδηροδρομικωσ	Пътуване с влак	Путешествие поездом	נסיעה ברכבת	السفر بالقطار	坐火车	鉄道旅行
Cestování letadlem	Rejse med fly	Mit dem flugzeug reisen	Travelling by plane	Viaje en avión	Voyage (r) par avion	Putovanje zrakoplovom/ avionom	Viaggiare in aereo	Utazás repülőgéppel	Reizen per vliegtuig	Flyreise	Podróż samolotem	Viajando de avião	Lentokoneella matkustaminen	Resa med flyg	Uçak yolculuğu	Ταξιδι αεροπορικωσ	Пътуване със самолет	Путешествиe самолeтом	טיסה	السفر بالطائرة	坐飞机	飛行機
Cestování lodí	Sejltur	Mit dem schiff reisen	Travelling by ship	Viaje en barco	Voyage (r) par bateau	Putovanje brodom	Viaggiare in nave	Utazás hajóval	Reizen per boot	Båtreise	Podróż statkiem	Viajando de barco	Laivalla matkustaminen	Resa med båt	Gemi yolculuğu	Ταξιδι ατμοπλοϊκωσ	Пътуване с кораб	Путешествие на корабле	נסיעה באונייה	السفر بالباخرة	坐船	船旅
Cestování městskou dopravou	Rejse med bytrafik	Mit den öffentlichen verkehrsmitteln reisen	Travelling by local transport	Transporte público	Voyage (r) par transports urbains	Putovanje gradskim prijevozom	Viaggiare con i trasporti pubblici	Városi tömegközlekedés	Gebruik maken van het stadsvervoer	Kollektivtransport	Podróżowanie środkami komunikacji miejskiej	Viajando em transportes urbanos	Kaupunginliikenteellä matkustaminen	Resa med kollektivtrafik	Toplu taşima araçlariyla yolculuk	Ταξιδι με αστικη συγκοινωνια	Пътуване с градски транспорт	Передвижение городским транспортом	נסיעה בתחבורה ציבורית	السفر بالمواصلات العامة	市内交通	バス・市電・地下鉄
Taxi	Taxa	Taxi	Taxi	Taxi	Taxi	Taksi	Taxi	Taxi	Een taxi	Drosje	Taksówki	O taxi	Taksi	Taxi	Taksi	Ταξι	Такси	Такси	מונית	تاكسي	出租汽车	タクシー
Půjčovna aut	Biludlejning	Autoverleih	A car hire company	Alquiler de coches	Bureau de location des voitures	Rent-a-car	Autonoleggio	Autókölcsönző	Het autoverhuurbedrijf	Bilutleie	Wypożyczalnia samochodów	Aluguer de automóveis	Autovuokraamo	Biluthyrning	Araba kiralama	Ενοικιαστηριο αυτοκινητων	Бюро за даване на коли под наем	Пункт проката автомобилей	השכרת רכב	وكالة إيجار السيارات	租车处	レンタカー
Prohlížení pamětihodností	Besigtigelse af seværdigheder	Besichtigung von sehenswürdigkeiten	Sightseeing	Visita a monumentos	Visite des monuments	Razgledavanje znamenitosti	Visita di monumenti storici	Műemlék látogatás	Bezichtiging van bezienswaardigheden	Sightseeing	Zwiedzanie zabytków	Visita a monumentos	Nähtävyyksiä	Se på sevärdheter	Tarihi eserleri gezme	Επισkεψη αξιοθεaτων	Разглеждане на забележителности	Осмотр достопримечательностей	סיור באתרים היסטוריים	زيارة الآثار التاريخية	参观名胜古迹	観光
Zábava a kultura	Underholdning og kultur	Unterhaltung und kultur	Relaxing and culture	Ocio y cultura	Distraction et culture	Zabava i kultura	Divertimento e cultura	Szabadidő és kultúra	De ontspanning en de cultuur	Fritidsaktiviteter og kultur	Rozrywka i kultura	Divertimento e cultura	Viihde ja kulttuuri	Nöje och kultur	Eğlence ve kültür	Διασκεδαση και κουλτουρα	Забавления и култура	Развлечение и культура	בידור ותרבות	التسلية والثقافة	娱乐、文化	娯楽・文化
Obchody a služby	Forretninger og service	Geschäfte und dienstleistungen	Shops, stores and services	Tiendas y servicios	Magasins et services	Prodavaonice i usluge	Negozi e servizi	Boltok és szolgáltatások	Winkels en dienstverlening	Forretninger og tjenester	Sklepy i usługi	Comércio e serviços	Kauppoja ja palveluja	Affärer och tjänster	Dükkanlar ve hizmetler	Καταστηματα και υπηρεσιεσ	Магазини и услуги	Магазины и услуги	חנויות ושרותים	المحلات التجارية و الخدمات	商店、服务业	商店
Banka	Bank	Bank	Bank	Banco	Banque	Banka	Banca	Bank	De bank	Bank	Bank	Banco	Pankki	Bank	Banka	Τραπεζα	Банка	Банк	בנק	البنك	银行	銀行
Pošta	Post	Post	Post office	Correos	Poste	Pošta	Posta	Posta	Het postkantoor	Postkontor	Poczta	Correio	Posti	Posten	Postane	Ταχυδρομειο	Поща	Почтамt	סניף דואר	مكتب البريد	邮局	郵便局
Telefon	Telefon	Telefon	Telephone	Teléfono	Téléphone	Telefon	Telefono	Telefon	De telefoon	Telefon	Telefon	Telefone	Puhelin	Telefon	Telefon	Τηλεφωνο	Телефон	Телефон	טלפון	الهاتف	电话	電話
Datum, čas a počasí	Dato, tid og vejr	Datum, zeit und wetter	Date, time and weather	Fecha, hora y tiempo	Date, heure, météo	Datum, sati i vrijeme	Data e tempo	Dátum, idő és időjárás	Datum, tijdsaanduiding en weer	Datoer, tid og vær	Data, czas i pogoda	Data, hora e tempo	Päiväys, aika, sää	Datum, tid och väder	Tarih, zaman ve hava durumu	Ημερομηνια, ωρα και καιροσ	Дата, час и време	Дата, время и погода	מזג אוויר, זמן, תאריך	التاريخ والوقت والطقس	日期、时间、天气	日付•時間•天気
Čísla	Tal	Zahlen	Numbers	Números	Numéros	Brojevi	Numeri	Számok	Nummers	Numre	Liczby	Números	Lukusanat	Siffror	Rakkamlar	Νουμερα	Цифри	Цифры	מספרים	الأرقام	数字	数
Pohotovost	Nødsituationer	Notfall	Emergency	Urgencias	Urgences	Prva pomoć	Pronto soccorso	Vészhelyzet	Vaardigheid	Førstehjelp	Pogotowie ratunkowe	Emergência	Hätätapaukset	Vid olycka	Acil durum	Αμεση βοηθεια	Cпешни случаи	Скорая помощь	חרום	إسعاف، طوارىء	危险	緊急事態
Náhled	Preview	Ansicht der App	Preview	Vista preliminar	Apperçus	Prikaz	Profilo dell’applicazione	Alkalmazás kinézete	Inzage applicatie	Prøveforestilling av applikasjonen	Podgląd aplikacji	Apresentação da aplicação	Sovelluksen esikatselu	Visning av applikationen	Uygulama önizleme	Προβολή εφαρμογών	Изглед на приложението	Вид приложения	תצוגת היישום	عرض التطبيق	应用程序预览	アプリケーションのプレビュー
Jazyky	Sprog	Sprache	Language	Lengua	Langue	Jezik	Lingue	Nyelv	Taal	Språk	Jezyk	Língua	Kieli	Språk	Dil	Γλώσσα	Език	Язык	שפה	اللغة	语言	言語
Angličtina	Engelsk	Englisch	English	Inglés	Anglais	Engleski jezik	Inglese	Angol	Engels	Engelsk	Język angielski	Inglês	Englanti	Engelska	İngilizce	Αγγλική	Английски	Английский	שפה אנגלית	الإنجليزية	英语	英語
Arabština	Arabisk	Arabisch	Arabic	Árabe	Arabe	Arapski jezik	Arabo	Arab	Arabisch	Arabisk	Język arabski	Arábico	Arabia	Arabiska	Arapça	Αραβική	Арабски	Арабский	ערבית	العربية	阿拉伯语	アラブ語
Bulharština	Bulgarsk	Bulgarisch	Bulgarian	Búlgaro	Bulgare	Bugarski jezik	Bulgaro	Bolgár	Bulgaars	Bulgarsk	Język bułgarski	Búlgaro	Bulgaria	Bulgariska	Bulgarca	Βουλγάρικη	български	Болгарский	בולגרית	البلغارية	保加利亚语	ブルガリア語
Čínština	Kinesisk	Chinesish	Chinese	Chino	Chinois	Kineski jezik	Cinese	Kínai	Chinees	Kinesisk	Język chiński	Chinês	Kiina	Kinesiska	Çince	Κινέζικη	Китайски	Китайский	סינית	الصينية	中国	中国語
Dánština	Dansk	Dänisch	Danish	Danés	Danois	Danski jezik	Danese	Dán	Deens	Dansk	Język duński	Dinamarquês	Tanska	Danska	Danimarkaca	Δανέζικη	Датски	Датский	דנית	الدانماركية	丹麦语	デンマーク語
Finština	Finsk	Finnisch	Finnish	Finés	Finnois	Finski jezik	Finlandese	Finn	Fins	Finsk	Język fiński	Finlandês	Suomalainen	Finska	Fince	Φινλανδική	Фински	Финский	פינית	الفنلندية	芬兰语	フィンランド語
Francouzština	Fransk	Französisch	French	Francés	Français	Francuski jezik	Francese	Francia	Frans	Fransk	Język francuski	Francês	Ranska	Franska	Fransızca	Γαλλική	Френски	Французский	צרפתית	الفرنسية	法语	フランス語
Hebrejština	Hebraisk	Hebräisch	Hebrew	Hebreo	Hébreu	Hebrejski jezik	Ebraico	Héber	Hebreeuws	Hebraisk	Język hebrajski	Hebraico	Heprea	Hebreiska	İbranice	Εβραϊκή	Иврит	Иврит	עברי	العبرية	希伯来语	ヘブライ語
Holandština	Nederlandsk	Niederländisch	Dutch	Neerlandés	Néerlandais	Nizozemski jezik	Olandese	Holland	Nederlands	Nederlandsk	Język niderlandzki	Neerlandês	Hollanti	Nederländska	Hollandaca	Ολλανδική	Нидерландски	Нидерландский	הולנדית	الهولندية	荷兰语	オランダ語
Chorvatština	Kroatisk	Kroatisch	Croatian	Croata	Croate	Hrvatski	Croato	Horvát	Kroatisch	Kroatisk	Język chorwacki	Croata	Kroatia	Kroatiska	Hırvatça	Κροατική	Хърватски	Хорватский	קרואטית	الكرواتية	克罗地亚语	クロアチア語
Italština	Italiensk	Italienisch	Italian	Italiano	Italien	Talijanski jezik	Italiano	Olasz	Italiaans	Italiensk	Język włoski	Italiano	Italia	Italienska	İtalyanca	Ιταλική	Италиански	Итальянский	איטלקית	الإيطالية	意大利语	イタリア語
Japonština	Japansk	Japanisch	Japanese	Japonés	Japonais	Japanski jezik	Giapponese	Japán	Japanees	Japansk	Język japoński	Japonês	Japani	Japanska	Japonca	Γιαπωνέζικη	Японски	Японский	יפנית	اليابانية	日语	日本の
Maďarština	Ungarsk	Ungarisch	Hungarian	Húngaro	Hongrois	Mađarski jezik	Ungherese	Magyar	Hongaars	Ungarsk	Język węgierski	Hungaro	Unkari	Ungerska	Macarca	Ουγγρική	Унгарски	Венгерский	הונגרית	اليابانية	匈牙利语	ハンガリー語
Němčina	Tysk	Deutsch	German	Alemán	Allemand	Njemački jezik	Tedesco	Német	Duits	Tysk	Język niemiecki	Alemão	Saksa	Tyska	Almanca	Γερμανική	Немски	Немецкий	גרמנית	الألمانية	德语	ドイツ語
Norština	Norsk	Norwegisch	Norwegian	Noruego	Norvégien	Norveški jezik	Norvegese	Norvég	Noors	Norsk	Język norweski	Norueguês	Norja	Norska	Norveççe	Νορβηγική	Норвежки	Норвежский	נורבגית	النرويجية	挪威语	ノルウェー語
Polština	Polsk	Polnisch	Polish	Polaco	Polonais	Poljski jezik	Polacco	Lengyel	Pools	Polsk	Język polski	Polaco	Puola	Polska	Polonyaca	Πολωνική	Полски	Польский	פולנית	البولندية	波兰语	ポーランド語
Portugalština	Portugisisk	Portugiesisch	Portuguese	Portugués	Portugais	Portugalski jezik	Portoghese	Portugál	Portugees	Portugisisk	Język portugalski	Português	Portugali	Portugisiska	Portekizce	Πορτογαλική	Португалски	Португальский	פורטוגזית	البرتغالية	葡萄牙语	ポルトガル語
Ruština	Russisk	Russisch	Russian	Ruso	Russe	Ruski jezik	Russo	Orosz	Russisch	Russisk	Język rosyjski	Russo	Venäjä	Rysska	Rusça	Ρωσική	Руски	русский	רוסית	الروسية	俄语	ロシア語
Řečtina	Græsk	Griechisch	Greek	Griego	Grec	Grčki jezik	Greco	Görög	Grieks	Gresk	Język grecki	Grego	Kreikka	Grekiska	Yunanca	ελληνικά	Гръцки	Греческий	יוונית	اليونانية	希腊语	ギリシャ語
Španělština	Spansk	Spanisch	Spanish	Español	Espagnol	Španjolski jezik	Spagnolo	Spanyol	Spaans	Spansk	Język hiszpański	Espanhol	Espanja	Spanska	İspanyolca	Ισπανική	Испански	Испанский	ספרדית	الأسبانية	西班牙语	スペイン語
Švédština	Svensk	Schwedisch	Swedish	Sueco	Suédois	Švedski jezik	Svedese	Svéd	Zweeds	Svensk	Język szwedzki	Sueco	Ruotsi	Svenska	İsveççe	Σουηδική	Шведски	Шведский	שוודית	السويدية	瑞典语	スウェーデン語
Turečtina	Tyrkisk	Türkisch	Turkish	Turco	Turc	Turski jezik	Turco	Török	Turks	Tyrkisk	Język turecki	Turco	Turkki	Turkiska	Türk	Τουρκική	Турски	Турецкий	טורקית	التركية	土耳其语	トルコ語
Čeština	Tjekkisk	Tschechisch	Czech	Checo	Tchèque	Češki jezik	Ceco	Cseh	Tsjechisch	Tsjekkisk	Język czeski	Checo	Tšekki	Tjeckiska	Çekçe	Τσεχική	Чешки	Чешский	צ'כית	التشيكية	捷克语	チェコ語